TestItem,Function,Mode,Low Limit,Up Limit,Next Step,Level
Test:PreTest,pretest,test,nan,nan,continue,root
Test:Step1,function1,test,nan,nan,continue,root
Test:Step2,function2,test,nan,nan,continue,root
Test:Step3,function3,test,nan,nan,continue,root
Test:Step4,function4,test,nan,nan,continue,root
Test:Step5,function5,test,nan,nan,continue,root
Test:Step6,function6,test,nan,nan,continue,root
Test:Step7,function7,test,nan,nan,continue,root
Test:Step8,function8,test,nan,nan,continue,root
Test:Step9,function9,test,nan,nan,continue,root
Test:Step10,function10,test,nan,nan,continue,root
Test:PostTest,posttest,test,nan,nan,continue,root